{"cameraMode":{"drawMode":0,"name":"Shaded","section":"Shading Mode"},"sceneLighting":true,"audioPlay":false,"sceneViewState":{"showFog":true,"showMaterialUpdate":false,"showSkybox":true,"showFlares":true,"showImageEffects":true,"showParticleSystems":true},"in2DMode":false,"pivot":{"x":-2.726194381713867,"y":2.8926143646240236,"z":-3.6956260204315187},"rotation":{"x":-0.0983109101653099,"y":0.7511212825775147,"z":-0.11491154134273529,"w":-0.6426105499267578},"size":10.0,"orthographic":false}