{"cameraMode":{"drawMode":0,"name":"Shaded","section":"Shading Mode"},"sceneLighting":true,"audioPlay":false,"sceneViewState":{"showFog":true,"showMaterialUpdate":false,"showSkybox":true,"showFlares":true,"showImageEffects":true,"showParticleSystems":true},"in2DMode":false,"pivot":{"x":-17.196081161499025,"y":3.262333393096924,"z":4.197407245635986},"rotation":{"x":0.009244577027857304,"y":0.4205818176269531,"z":0.00428598141297698,"w":-0.9072275161743164},"size":11.182668685913086,"orthographic":false}